日期,播放量
2024-01-01,10209
2024-01-02,10200
2024-01-03,10085
2024-01-04,10127
2024-01-05,10192
2024-01-06,10154
2024-01-07,10225
2024-01-08,10130
2024-01-09,10205
2024-01-10,10130
2024-01-11,10288
2024-01-12,10282
2024-01-13,10142
2024-01-14,10200
2024-01-15,10191
2024-01-16,10110
2024-01-17,10204
2024-01-18,10088
2024-01-19,10274
2024-01-20,10278
2024-01-21,10253
2024-01-22,10152
2024-01-23,10056
2024-01-24,10131
2024-01-25,10088
2024-01-26,10056
2024-01-27,10069
2024-01-28,10256
2024-01-29,10075
2024-01-30,10138
2024-01-31,10127
2024-02-01,10112
2024-02-02,10240
2024-02-03,10115
2024-02-04,10104
2024-02-05,10163
2024-02-06,10082
2024-02-07,10283
2024-02-08,10104
2024-02-09,10092
2024-02-10,10198
2024-02-11,10197
2024-02-12,10089
2024-02-13,10267
2024-02-14,10091
2024-02-15,10192
2024-02-16,10170
2024-02-17,10103
2024-02-18,10055
2024-02-19,10248
2024-02-20,10256
2024-02-21,10168
2024-02-22,10266
2024-02-23,10189
2024-02-24,10099
2024-02-25,10111
2024-02-26,10117
2024-02-27,10091
2024-02-28,10062
2024-02-29,10248
2024-03-01,10102
2024-03-02,10271
2024-03-03,10176
2024-03-04,10081
2024-03-05,10161
2024-03-06,10069
2024-03-07,10265
2024-03-08,10194
2024-03-09,10204
2024-03-10,10298
2024-03-11,10259
2024-03-12,10234
2024-03-13,10278
2024-03-14,10053
2024-03-15,10271
2024-03-16,10285
2024-03-17,10057
2024-03-18,10251
2024-03-19,10200
2024-03-20,10247
2024-03-21,10071
2024-03-22,10205
2024-03-23,10196
2024-03-24,10236
2024-03-25,10213
2024-03-26,10249
2024-03-27,10271
2024-03-28,10123
2024-03-29,10145
2024-03-30,10189
2024-03-31,10199
